method,iter,bound
LP-relax+CCD,1,516.1366854622639
LP-relax+CCD,2,444.31618962912256
LP-relax+CCD,3,379.7112519707215
LP-relax+CCD,4,329.3358447615381
LP-relax+CCD,5,307.9586360316647
LP-relax+CCD,6,299.2136265873432
LP-relax+CCD,7,292.5892336727979
LP-relax+CCD,8,290.20418096166213
LP-relax+CCD,9,288.032609170688
LP-relax+CCD,10,283.58810141501436
LP-relax+CCD,11,283.42290471321564
LP-relax+CCD,12,283.4964707999619
LP-relax+CCD,13,283.3470643829187
LP-relax+CCD,14,282.8639641447188
LP-relax+CCD,15,281.85472762748594
LP-relax+CCD,16,280.90482669017325
LP-relax+CCD,17,280.86644483984463
LP-relax+CCD,18,279.8261949887316
LP-relax+CCD,19,279.08226751904476
LP-relax+CCD,20,279.01909218302563
LP-relax+CCD,21,276.70813167403116
LP-relax+CCD,22,276.26517049133247
LP-relax+CCD,23,276.23448622407216
LP-relax+CCD,24,276.20859576936294
LP-relax+CCD,25,275.7040319952489
LP-relax+CCD,26,275.66352744275457
LP-relax+CCD,27,275.6586613739934
LP-relax+CCD,28,275.6297296296487
LP-relax+CCD,29,275.70171788753265
LP-relax+CCD,30,275.5308877918498
LP-relax+CCD,31,275.5123735715274
LP-relax+CCD,32,275.42270518163974
LP-relax+CCD,33,275.26813549304586
LP-relax+CCD,34,275.1264618788923
LP-relax+CCD,35,274.84600396358303
LP-relax+CCD,36,274.7961455856423
LP-relax+CCD,37,274.6888051495667
LP-relax+CCD,38,274.50438229945365
LP-relax+CCD,39,274.47272306577105
LP-relax+CCD,40,274.29341256766367
LP-relax+CCD,41,274.2426538626206
LP-relax+CCD,42,274.22719732522353
LP-relax+CCD,43,274.0858609686757
LP-relax+CCD,44,274.0282713937964
LP-relax+CCD,45,273.9660947450513
LP-relax+CCD,46,273.9018322758904
LP-relax+CCD,47,273.7338618811215
LP-relax+CCD,48,273.5424591409986
LP-relax+CCD,49,273.5377548732367
LP-relax+CCD,50,273.4512809613734
LP-relax+CCD,51,273.3886698864556
LP-relax+CCD,52,273.34060985104594
LP-relax+CCD,53,273.30901798125586
LP-relax+CCD,54,273.2937421213808
LP-relax+CCD,55,273.26556819701005
LP-relax+CCD,56,273.2358277436877
LP-relax+CCD,57,273.23415941214995
LP-relax+CCD,58,273.1520023020806
LP-relax+CCD,59,273.1097166267657
LP-relax+CCD,60,273.0980555167121
LP-relax+CCD,61,273.08822480552254
LP-relax+CCD,62,272.9810652404667
LP-relax+CCD,63,272.98030575826346
LP-relax+CCD,64,272.8997843144128
LP-relax+CCD,65,272.8818162666208
LP-relax+CCD,66,272.75068934250737
LP-relax+CCD,67,272.6452558028323
LP-relax+CCD,68,272.59730815895006
LP-relax+CCD,69,272.5734179453626
LP-relax+CCD,70,272.5704337826283
LP-relax+CCD,71,272.52526107331795
LP-relax+CCD,72,272.47322434276714
LP-relax+CCD,73,272.45168434403337
LP-relax+CCD,74,272.44706176642893
LP-relax+CCD,75,272.41623398411014
LP-relax+CCD,76,272.38160287491013
LP-relax+CCD,77,272.3814650717681
LP-relax+CCD,78,272.36555348582993
LP-relax+CCD,79,272.3299427368896
LP-relax+CCD,80,272.2788708794028
LP-relax+CCD,81,272.24168408462685
LP-relax+CCD,82,272.2248469326067
LP-relax+CCD,83,272.183483549473
LP-relax+CCD,84,272.1769414081601
LP-relax+CCD,85,272.16446875851375
LP-relax+CCD,86,272.14213571404207
LP-relax+CCD,87,272.11146894132196
LP-relax+CCD,88,272.06211945892164
LP-relax+CCD,89,272.04644558073727
LP-relax+CCD,90,271.99773941968806
LP-relax+CCD,91,271.99179478162665
LP-relax+CCD,92,271.9822795644204
LP-relax+CCD,93,271.98012012532655
LP-relax+CCD,94,271.94300883429116
LP-relax+CCD,95,271.87847689488854
LP-relax+CCD,96,271.8639101295492
LP-relax+CCD,97,271.86334760855294
LP-relax+CCD,98,271.84630866924635
LP-relax+CCD,99,271.82348058737233
LP-relax+CCD,100,271.8078508170446
LP-relax+CCD,101,271.8074678743583
LP-relax+CCD,102,271.73403266938357
LP-relax+CCD,103,271.7011895188671
LP-relax+CCD,104,271.6916133170908
LP-relax+CCD,105,271.67516242865787
LP-relax+CCD,106,271.6604787419953
LP-relax+CCD,107,271.64674551633635
LP-relax+CCD,108,271.6071777366187
LP-relax+CCD,109,271.60199892649655
LP-relax+CCD,110,271.6014979208184
LP-relax+CCD,111,271.59330075357866
LP-relax+CCD,112,271.5911081780831
LP-relax+CCD,113,271.58742716118707
LP-relax+CCD,114,271.5789828107676
LP-relax+CCD,115,271.54406438449047
LP-relax+CCD,116,271.5609064469473
LP-relax+CCD,117,271.5219359953308
LP-relax+CCD,118,271.5078505004254
LP-relax+CCD,119,271.49160061394457
LP-relax+CCD,120,271.48037450277394
LP-relax+CCD,121,271.4691930580814
LP-relax+CCD,122,271.4104706339834
LP-relax+CCD,123,271.4098419002504
LP-relax+CCD,124,271.39859161576044
LP-relax+CCD,125,271.3800601774427
LP-relax+CCD,126,271.34927928667116
LP-relax+CCD,127,271.3333730237026
LP-relax+CCD,128,271.31707629327065
LP-relax+CCD,129,271.2972069466678
LP-relax+CCD,130,271.29618748948405
LP-relax+CCD,131,271.2797498449348
LP-relax+CCD,132,271.27622464389157
LP-relax+CCD,133,271.2721378856601
LP-relax+CCD,134,271.2653044638098
LP-relax+CCD,135,271.26116590510514
LP-relax+CCD,136,271.2915958454361
LP-relax+CCD,137,271.27769644103336
LP-relax+CCD,138,271.27561447987705
LP-relax+CCD,139,271.2748503297705
LP-relax+CCD,140,271.2732122829798
LP-relax+CCD,141,271.2644136535308
LP-relax+CCD,142,271.2637728588493
LP-relax+CCD,143,271.25560201912987
LP-relax+CCD,144,271.233078852967
LP-relax+CCD,145,271.2221213314131
LP-relax+CCD,146,271.2194259249059
LP-relax+CCD,147,271.19961509561585
LP-relax+CCD,148,271.1970313112182
LP-relax+CCD,149,271.17345273508005
LP-relax+CCD,150,271.1708819601847
LP-relax+CCD,151,271.15818278382096
LP-relax+CCD,152,271.1196512373596
LP-relax+CCD,153,271.1148606119345
LP-relax+CCD,154,271.1116161049937
LP-relax+CCD,155,271.1001028753839
LP-relax+CCD,156,271.0860853370389
LP-relax+CCD,157,271.08358278673074
LP-relax+CCD,158,271.0818276073019
LP-relax+CCD,159,271.0750337484288
LP-relax+CCD,160,271.07050141506494
LP-relax+CCD,161,271.0594030590708
LP-relax+CCD,162,271.0581931363657
LP-relax+CCD,163,271.05517357062166
LP-relax+CCD,164,271.05486265724403
LP-relax+CCD,165,271.03466920320955
LP-relax+CCD,166,271.0265983045173
LP-relax+CCD,167,271.01398184658973
LP-relax+CCD,168,271.0037119724634
LP-relax+CCD,169,270.94859157455954
LP-relax+CCD,170,270.94233323720874
LP-relax+CCD,171,270.9373218374774
LP-relax+CCD,172,270.9362569914982
LP-relax+CCD,173,270.9352303072718
LP-relax+CCD,174,270.9241052566705
LP-relax+CCD,175,270.91729689143455
LP-relax+CCD,176,270.91097392308444
LP-relax+CCD,177,270.90538094129806
LP-relax+CCD,178,270.8993981234503
LP-relax+CCD,179,270.898026591219
LP-relax+CCD,180,270.8978179851679
LP-relax+CCD,181,270.8966946807712
LP-relax+CCD,182,270.8937637276269
LP-relax+CCD,183,270.8934059312752
LP-relax+CCD,184,270.89086368683513
LP-relax+CCD,185,270.873942125756
LP-relax+CCD,186,270.8538558173237
LP-relax+CCD,187,270.8527990935826
LP-relax+CCD,188,270.84738136695205
LP-relax+CCD,189,270.83316423135966
LP-relax+CCD,190,270.82896735876574
LP-relax+CCD,191,270.8283962968566
LP-relax+CCD,192,270.8280243839123
LP-relax+CCD,193,270.8271005688034
LP-relax+CCD,194,270.82265792077266
LP-relax+CCD,195,270.81972971758177
LP-relax+CCD,196,270.8184388298636
LP-relax+CCD,197,270.8205458946021
LP-relax+CCD,198,270.8076887851581
LP-relax+CCD,199,270.80656945609616
LP-relax+CCD,200,270.8065046437258
LP-relax+CCD,201,270.79738470681235
LP-relax+CCD,202,270.7973274600144
LP-relax+CCD,203,270.7898896155217
LP-relax+CCD,204,270.78918263206
LP-relax+CCD,205,270.78766364216705
LP-relax+CCD,206,270.7857731997928
LP-relax+CCD,207,270.78086285117297
LP-relax+CCD,208,270.78075878227605
LP-relax+CCD,209,270.7799165006027
LP-relax+CCD,210,270.7739543232997
LP-relax+CCD,211,270.77101496435876
LP-relax+CCD,212,270.76622982938596
LP-relax+CCD,213,270.7654771497452
LP-relax+CCD,214,270.7621099514852
LP-relax+CCD,215,270.7603017250467
LP-relax+CCD,216,270.75664343447824
LP-relax+CCD,217,270.7547730153179
LP-relax+CCD,218,270.72091386206813
LP-relax+CCD,219,270.71078450571656
LP-relax+CCD,220,270.70955306916915
LP-relax+CCD,221,270.7076918696129
LP-relax+CCD,222,270.6954666630779
LP-relax+CCD,223,270.6936247337028
LP-relax+CCD,224,270.690259345877
LP-relax+CCD,225,270.6899596970925
LP-relax+CCD,226,270.6888091119012
LP-relax+CCD,227,270.6884615973551
LP-relax+CCD,228,270.6779114960083
LP-relax+CCD,229,270.6776486516066
LP-relax+CCD,230,270.66890179327606
LP-relax+CCD,231,270.66816063190345
LP-relax+CCD,232,270.65817698512234
LP-relax+CCD,233,270.6531074615846
LP-relax+CCD,234,270.6470675672156
LP-relax+CCD,235,270.64561532490274
LP-relax+CCD,236,270.64444088830686
LP-relax+CCD,237,270.6398260967446
LP-relax+CCD,238,270.63455115656257
LP-relax+CCD,239,270.63333163778987
LP-relax+CCD,240,270.6312648400914
LP-relax+CCD,241,270.63078321695957
LP-relax+CCD,242,270.63044122066776
LP-relax+CCD,243,270.62972046426637
LP-relax+CCD,244,270.6275811729737
LP-relax+CCD,245,270.6256539973605
LP-relax+CCD,246,270.62443093135096
LP-relax+CCD,247,270.6226002734866
LP-relax+CCD,248,270.6151101986114
LP-relax+CCD,249,270.60814514598064
LP-relax+CCD,250,270.6069948084331
LP-relax+CCD,251,270.60536623537007
LP-relax+CCD,252,270.60488916541
LP-relax+CCD,253,270.6027217214613
LP-relax+CCD,254,270.5898367649618
LP-relax+CCD,255,270.58872483160496
LP-relax+CCD,256,270.58747507265275
LP-relax+CCD,257,270.58533172286013
LP-relax+CCD,258,270.5853246595018
LP-relax+CCD,259,270.58379548842004
LP-relax+CCD,260,270.57360960295375
LP-relax+CCD,261,270.5731183858477
LP-relax+CCD,262,270.57122004351675
LP-relax+CCD,263,270.56708288900563
LP-relax+CCD,264,270.56693888148095
LP-relax+CCD,265,270.56608262213524
LP-relax+CCD,266,270.5652436068897
LP-relax+CCD,267,270.5617964768828
LP-relax+CCD,268,270.5583170843119
LP-relax+CCD,269,270.5562264908274
LP-relax+CCD,270,270.55406305135426
LP-relax+CCD,271,270.5535060680651
LP-relax+CCD,272,270.5534747674931
LP-relax+CCD,273,270.55015996277376
LP-relax+CCD,274,270.5483546590161
LP-relax+CCD,275,270.54778061916215
LP-relax+CCD,276,270.56306509360564
LP-relax+CCD,277,270.5628854671777
LP-relax+CCD,278,270.5607651374116
LP-relax+CCD,279,270.5605663558833
LP-relax+CCD,280,270.56040306473096
LP-relax+CCD,281,270.5599556072458
LP-relax+CCD,282,270.55885606259403
LP-relax+CCD,283,270.55745957364434
LP-relax+CCD,284,270.5564765902719
LP-relax+CCD,285,270.55469804025586
LP-relax+CCD,286,270.55132962318294
LP-relax+CCD,287,270.5498221439216
LP-relax+CCD,288,270.5481008905491
LP-relax+CCD,289,270.54501526728905
LP-relax+CCD,290,270.5411017057422
LP-relax+CCD,291,270.5406169696529
LP-relax+CCD,292,270.53978410483353
LP-relax+CCD,293,270.5366169307499
LP-relax+CCD,294,270.536074022056
LP-relax+CCD,295,270.5360108901242
LP-relax+CCD,296,270.53600738986677
LP-relax+CCD,297,270.5356993138304
LP-relax+CCD,298,270.53394327839374
LP-relax+CCD,299,270.5320116607579
LP-relax+CCD,300,270.5201167709613
int+CCD,1,600.8612838728678
int+CCD,2,367.75234060246345
int+CCD,3,347.3198845897444
int+CCD,4,333.7991433049843
int+CCD,5,305.1790610647689
int+CCD,6,301.3637425318452
int+CCD,7,298.27031176746294
int+CCD,8,292.44321604042085
int+CCD,9,291.54664244341416
int+CCD,10,291.5358649368069
int+CCD,11,291.2421481811891
int+CCD,12,288.3325336201045
int+CCD,13,288.10209199168213
int+CCD,14,286.68402365888784
int+CCD,15,286.0038664674947
int+CCD,16,284.6702510028109
int+CCD,17,284.5770865955201
int+CCD,18,284.0590123906972
int+CCD,19,283.96627326391524
int+CCD,20,283.2232749509885
int+CCD,21,282.8257470439735
int+CCD,22,281.9486598025983
int+CCD,23,281.733165014252
int+CCD,24,278.95499897709465
int+CCD,25,278.5622272054291
int+CCD,26,278.2957851843159
int+CCD,27,278.0770539696372
int+CCD,28,277.80958384131134
int+CCD,29,277.77043322820765
int+CCD,30,276.952033382691
int+CCD,31,276.94646897267364
int+CCD,32,276.72962531252
int+CCD,33,276.6641117623621
int+CCD,34,276.6381463355855
int+CCD,35,276.4961683945304
int+CCD,36,276.1237470388468
int+CCD,37,275.9563723181389
int+CCD,38,275.7709542306297
int+CCD,39,275.6228642035622
int+CCD,40,275.544108085074
int+CCD,41,275.5162278707707
int+CCD,42,275.4613142277735
int+CCD,43,275.32451152665067
int+CCD,44,275.28854014459654
int+CCD,45,275.13866968456176
int+CCD,46,274.8663916732712
int+CCD,47,274.6121315278601
int+CCD,48,274.3965546469643
int+CCD,49,274.33442751764187
int+CCD,50,274.275069727444
int+CCD,51,274.1760490475706
int+CCD,52,274.08836824787585
int+CCD,53,274.0128431850233
int+CCD,54,273.9609895082232
int+CCD,55,273.9238046054726
int+CCD,56,273.83086755514614
int+CCD,57,273.8215299982014
int+CCD,58,273.81458101309687
int+CCD,59,273.8092934620257
int+CCD,60,273.7559468931184
int+CCD,61,273.63965154400523
int+CCD,62,273.5458636322795
int+CCD,63,273.4982435220266
int+CCD,64,273.43253884910854
int+CCD,65,273.4076229293044
int+CCD,66,273.3167881697967
int+CCD,67,273.2911465967169
int+CCD,68,273.2555303496556
int+CCD,69,273.23396082367856
int+CCD,70,273.1746235483945
int+CCD,71,273.15479625883063
int+CCD,72,273.14802925642834
int+CCD,73,273.1045551309195
int+CCD,74,273.0646106738343
int+CCD,75,273.0514305362441
int+CCD,76,273.0282956803902
int+CCD,77,273.0120145402823
int+CCD,78,272.9607032021595
int+CCD,79,272.95268810832476
int+CCD,80,272.95129604912097
int+CCD,81,272.9487142462706
int+CCD,82,272.89039455457214
int+CCD,83,272.8069557041241
int+CCD,84,272.8069054973759
int+CCD,85,272.8022971386771
int+CCD,86,272.7905431735603
int+CCD,87,272.7632336515148
int+CCD,88,272.75818678938714
int+CCD,89,272.75271854437784
int+CCD,90,272.75271854437784
int+CCD,91,272.7440550417972
int+CCD,92,272.729258187368
int+CCD,93,272.73092159149724
int+CCD,94,272.7193247183526
int+CCD,95,272.7117702700836
int+CCD,96,272.7045282347638
int+CCD,97,272.7040880151349
int+CCD,98,272.69411966310673
int+CCD,99,272.6941196631065
int+CCD,100,272.5520848220714
int+CCD,101,272.53863752722543
int+CCD,102,272.5376805922551
int+CCD,103,272.53256711968737
int+CCD,104,272.5289999847308
int+CCD,105,272.51594836005387
int+CCD,106,272.5023384753233
int+CCD,107,272.5018954937885
int+CCD,108,272.47641914819206
int+CCD,109,272.4728501772734
int+CCD,110,272.4673187227413
int+CCD,111,272.46008706434986
int+CCD,112,272.46008706434986
int+CCD,113,272.44279658787457
int+CCD,114,272.41913253332035
int+CCD,115,272.4078769570749
int+CCD,116,272.4070919175259
int+CCD,117,272.40564217764745
int+CCD,118,272.40183626356725
int+CCD,119,272.3935053345313
int+CCD,120,272.3626376496605
int+CCD,121,272.3626376496604
int+CCD,122,272.3610815120455
int+CCD,123,272.34713560863065
int+CCD,124,272.27491508162336
int+CCD,125,272.2341415272627
int+CCD,126,272.2339685657368
int+CCD,127,272.2326087161035
int+CCD,128,272.23245899900905
int+CCD,129,272.1439991914791
int+CCD,130,272.13790352777227
int+CCD,131,272.12107365735136
int+CCD,132,272.1210736573512
int+CCD,133,272.12104569971564
int+CCD,134,272.1179773329331
int+CCD,135,272.1109608840675
int+CCD,136,272.1019198714695
int+CCD,137,272.0830867009057
int+CCD,138,272.06821003545264
int+CCD,139,272.0633232213115
int+CCD,140,272.05735230191056
int+CCD,141,272.0475012683524
int+CCD,142,272.0471234434242
int+CCD,143,272.0279900225526
int+CCD,144,272.00977148411863
int+CCD,145,272.0097432891705
int+CCD,146,272.0097432891706
int+CCD,147,272.00469873779383
int+CCD,148,271.9990599295341
int+CCD,149,271.998776418224
int+CCD,150,271.98934275733404
int+CCD,151,271.98926337049573
int+CCD,152,271.98146632203526
int+CCD,153,271.9818685273539
int+CCD,154,271.980343532582
int+CCD,155,271.97329850626846
int+CCD,156,271.9378135949362
int+CCD,157,271.92844527235536
int+CCD,158,271.92736212752516
int+CCD,159,271.90922167113655
int+CCD,160,271.8986521597249
int+CCD,161,271.8922579416368
int+CCD,162,271.8891943367281
int+CCD,163,271.8794266619848
int+CCD,164,271.8740675308894
int+CCD,165,271.857071987518
int+CCD,166,271.8438273094468
int+CCD,167,271.84216579171266
int+CCD,168,271.8411059656357
int+CCD,169,271.84107935748676
int+CCD,170,271.8401165600118
int+CCD,171,271.8356124904104
int+CCD,172,271.8331843821429
int+CCD,173,271.8279784897832
int+CCD,174,271.8264893228435
int+CCD,175,271.8195383918677
int+CCD,176,271.8158947409496
int+CCD,177,271.8124445507629
int+CCD,178,271.81156025455186
int+CCD,179,271.8115602545522
int+CCD,180,271.8017095851911
int+CCD,181,271.80168695047723
int+CCD,182,271.80029760520597
int+CCD,183,271.79945068704495
int+CCD,184,271.79945068704495
int+CCD,185,271.79945068704495
int+CCD,186,271.7990110223297
int+CCD,187,271.79901102233026
int+CCD,188,271.7987135894627
int+CCD,189,271.79404043945857
int+CCD,190,271.7963228978068
int+CCD,191,271.7859641941275
int+CCD,192,271.78303717513234
int+CCD,193,271.7808500520316
int+CCD,194,271.76853722650924
int+CCD,195,271.76362062841673
int+CCD,196,271.7568646808174
int+CCD,197,271.75645826537135
int+CCD,198,271.75645826537135
int+CCD,199,271.75154288583394
int+CCD,200,271.74870829406717
int+CCD,201,271.7437260857412
int+CCD,202,271.7382588184058
int+CCD,203,271.7283532812144
int+CCD,204,271.72835328121425
int+CCD,205,271.7283532812143
int+CCD,206,271.7271919355129
int+CCD,207,271.6710109342975
int+CCD,208,271.67101093429744
int+CCD,209,271.67042726069235
int+CCD,210,271.67042726069235
int+CCD,211,271.66084760984523
int+CCD,212,271.6608476098452
int+CCD,213,271.6593106111515
int+CCD,214,271.6593106111515
int+CCD,215,271.6505750840762
int+CCD,216,271.6477953344963
int+CCD,217,271.63509778934576
int+CCD,218,271.6316977793085
int+CCD,219,271.6229859957712
int+CCD,220,271.6227748420516
int+CCD,221,271.6157968274129
int+CCD,222,271.60914359605744
int+CCD,223,271.6052116208659
int+CCD,224,271.60121144765577
int+CCD,225,271.59928707342164
int+CCD,226,271.58740293459147
int+CCD,227,271.58740293459147
int+CCD,228,271.58740293459147
int+CCD,229,271.5874029345942
int+CCD,230,271.5874029345944
int+CCD,231,271.58170723538467
int+CCD,232,271.579218760641
int+CCD,233,271.57909056607446
int+CCD,234,271.57903841062716
int+CCD,235,271.57830790205827
int+CCD,236,271.5761568812387
int+CCD,237,271.576146247971
int+CCD,238,271.57471706527764
int+CCD,239,271.55529789474735
int+CCD,240,271.55455283570257
int+CCD,241,271.54991566675506
int+CCD,242,271.5497350987111
int+CCD,243,271.5495862992555
int+CCD,244,271.54958629925545
int+CCD,245,271.5495862992559
int+CCD,246,271.548842535179
int+CCD,247,271.5488425351791
int+CCD,248,271.548424126907
int+CCD,249,271.5442891376612
int+CCD,250,271.5415647571327
int+CCD,251,271.54156475713717
int+CCD,252,271.52463172359376
int+CCD,253,271.5232945825271
int+CCD,254,271.5188010886716
int+CCD,255,271.50490816979607
int+CCD,256,271.45158501683727
int+CCD,257,271.42517953090294
int+CCD,258,271.4241817436423
int+CCD,259,271.4229128684908
int+CCD,260,271.42223130571796
int+CCD,261,271.41731301925535
int+CCD,262,271.415949760891
int+CCD,263,271.41111263814116
int+CCD,264,271.40798356173707
int+CCD,265,271.40798356173667
int+CCD,266,271.4079835617368
int+CCD,267,271.40749213600157
int+CCD,268,271.40664918672053
int+CCD,269,271.4020947099484
int+CCD,270,271.3996607260309
int+CCD,271,271.39785130191365
int+CCD,272,271.39785130191376
int+CCD,273,271.39651849146503
int+CCD,274,271.39401366201673
int+CCD,275,271.39401366201673
int+CCD,276,271.3901765522079
int+CCD,277,271.39017655220687
int+CCD,278,271.3556930969968
int+CCD,279,271.3528117747329
int+CCD,280,271.3459384712926
int+CCD,281,271.3367417576561
int+CCD,282,271.3367417576584
int+CCD,283,271.33652174564827
int+CCD,284,271.3298773803534
int+CCD,285,271.30870145796666
int+CCD,286,271.3082531996539
int+CCD,287,271.3082531996537
int+CCD,288,271.3079386721315
int+CCD,289,271.3077659825717
int+CCD,290,271.30559368492493
int+CCD,291,271.30172527925936
int+CCD,292,271.3010375519477
int+CCD,293,271.2987706626063
int+CCD,294,271.2987706626054
int+CCD,295,271.29687808069883
int+CCD,296,271.2968458125248
int+CCD,297,271.29684581252474
int+CCD,298,271.2965996112845
int+CCD,299,271.29636164635883
int+CCD,300,271.2959440786448
int+SCD,1,566.7131671579516
int+SCD,2,399.3373712987786
int+SCD,3,338.3703055139646
int+SCD,4,313.29265260879833
int+SCD,5,306.13717574408895
int+SCD,6,301.992915704828
int+SCD,7,289.4956787274922
int+SCD,8,288.6189671353382
int+SCD,9,287.7035253837545
int+SCD,10,288.30320580388684
int+SCD,11,285.0303563532482
int+SCD,12,282.5889260680215
int+SCD,13,282.42923697407724
int+SCD,14,281.7003261558104
int+SCD,15,280.8176743570581
int+SCD,16,279.03221510022513
int+SCD,17,278.6623927443859
int+SCD,18,278.5809347422629
int+SCD,19,278.3151387769675
int+SCD,20,278.1207316611775
int+SCD,21,277.78542609624685
int+SCD,22,277.5816185361156
int+SCD,23,277.3416458428425
int+SCD,24,276.9415887150685
int+SCD,25,276.8506800346742
int+SCD,26,276.6624523787385
int+SCD,27,276.17469826658026
int+SCD,28,276.09225260137254
int+SCD,29,276.0714443455319
int+SCD,30,275.90191219791467
int+SCD,31,275.813164641082
int+SCD,32,275.5425134711045
int+SCD,33,275.4962208602395
int+SCD,34,275.5466830813723
int+SCD,35,275.44216782617434
int+SCD,36,275.0960596224537
int+SCD,37,275.06036771725843
int+SCD,38,274.99958479624763
int+SCD,39,274.9467292242316
int+SCD,40,274.8924447468934
int+SCD,41,274.8525848433304
int+SCD,42,274.81833940314624
int+SCD,43,274.6702026704067
int+SCD,44,274.5962750297121
int+SCD,45,274.539966336658
int+SCD,46,274.5167679274882
int+SCD,47,274.3750458967444
int+SCD,48,274.3217860466472
int+SCD,49,274.26272562105294
int+SCD,50,274.23715778479215
int+SCD,51,274.0942264044807
int+SCD,52,273.97236986678126
int+SCD,53,273.9602559414186
int+SCD,54,273.8893090138215
int+SCD,55,273.7028842714616
int+SCD,56,273.5957020013803
int+SCD,57,273.54149780329334
int+SCD,58,273.51865073125657
int+SCD,59,273.4549042215769
int+SCD,60,273.3559786066248
int+SCD,61,273.3258292240587
int+SCD,62,273.31353438161256
int+SCD,63,273.30143463719804
int+SCD,64,273.23275165534733
int+SCD,65,273.2256944846399
int+SCD,66,273.2024843205382
int+SCD,67,273.1515662253161
int+SCD,68,273.1510961339804
int+SCD,69,273.14344061744924
int+SCD,70,273.0787395963136
int+SCD,71,272.9928648546639
int+SCD,72,272.9377536895502
int+SCD,73,272.9364956233716
int+SCD,74,272.9174666511424
int+SCD,75,272.91358832543665
int+SCD,76,272.89829462013256
int+SCD,77,272.87669515963404
int+SCD,78,272.81424044979656
int+SCD,79,272.65797764328767
int+SCD,80,272.65267581950917
int+SCD,81,272.6131952074145
int+SCD,82,272.5553501724457
int+SCD,83,272.49250859838185
int+SCD,84,272.463044648804
int+SCD,85,272.43569075718017
int+SCD,86,272.4044308029697
int+SCD,87,272.3523913266669
int+SCD,88,272.3489884252702
int+SCD,89,272.3338688952771
int+SCD,90,272.3338688952766
int+SCD,91,272.298977524193
int+SCD,92,272.2919306635789
int+SCD,93,272.2885535086676
int+SCD,94,272.2716968309711
int+SCD,95,272.2603895382587
int+SCD,96,272.2281820883884
int+SCD,97,272.129308955089
int+SCD,98,272.10588965648236
int+SCD,99,272.09925676261014
int+SCD,100,271.97130337519206
int+SCD,101,271.95496310020087
int+SCD,102,271.9441093227487
int+SCD,103,271.94409289111445
int+SCD,104,271.9440928911137
int+SCD,105,271.93820451161275
int+SCD,106,271.92465492183163
int+SCD,107,271.9246542238935
int+SCD,108,271.8942636544838
int+SCD,109,271.8844172009421
int+SCD,110,271.88034414421674
int+SCD,111,271.87757429017796
int+SCD,112,271.8774715751634
int+SCD,113,271.84301086126794
int+SCD,114,271.84323040591954
int+SCD,115,271.8426887116175
int+SCD,116,271.8378314729566
int+SCD,117,271.8369300059683
int+SCD,118,271.83560290362385
int+SCD,119,271.83204761476
int+SCD,120,271.78615993865577
int+SCD,121,271.78286088336387
int+SCD,122,271.78257514782706
int+SCD,123,271.7739545495989
int+SCD,124,271.7154200109538
int+SCD,125,271.68457656708915
int+SCD,126,271.6843193188327
int+SCD,127,271.6830876564499
int+SCD,128,271.681658967473
int+SCD,129,271.61449161093134
int+SCD,130,271.60795626235694
int+SCD,131,271.5720418342138
int+SCD,132,271.56808125088696
int+SCD,133,271.5674084789565
int+SCD,134,271.5671743061621
int+SCD,135,271.5587784675348
int+SCD,136,271.55101579598227
int+SCD,137,271.5463035158827
int+SCD,138,271.53820442087147
int+SCD,139,271.5373753873655
int+SCD,140,271.5346905422089
int+SCD,141,271.5200997630721
int+SCD,142,271.52004456966387
int+SCD,143,271.51409703770616
int+SCD,144,271.507778747433
int+SCD,145,271.5077787474316
int+SCD,146,271.4789937202447
int+SCD,147,271.47358105196497
int+SCD,148,271.46999224693985
int+SCD,149,271.4699913996661
int+SCD,150,271.43155990067226
int+SCD,151,271.43155990067316
int+SCD,152,271.42789193718147
int+SCD,153,271.42649140724643
int+SCD,154,271.42581209299726
int+SCD,155,271.4210579872364
int+SCD,156,271.39135438493855
int+SCD,157,271.37317599282113
int+SCD,158,271.370454425084
int+SCD,159,271.3518521781088
int+SCD,160,271.32493792799755
int+SCD,161,271.317217508392
int+SCD,162,271.31010664358234
int+SCD,163,271.3079941999887
int+SCD,164,271.3079941999887
int+SCD,165,271.27617075478713
int+SCD,166,271.27177720577527
int+SCD,167,271.2622176759443
int+SCD,168,271.2545534423621
int+SCD,169,271.2456128099993
int+SCD,170,271.2386099156693
int+SCD,171,271.2364180366187
int+SCD,172,271.22235861110346
int+SCD,173,271.22116392582234
int+SCD,174,271.2086623735878
int+SCD,175,271.20549508659957
int+SCD,176,271.19368882763877
int+SCD,177,271.1887663384237
int+SCD,178,271.1828818142188
int+SCD,179,271.1772791615056
int+SCD,180,271.14816752209106
int+SCD,181,271.1477436530794
int+SCD,182,271.14169248588513
int+SCD,183,271.13938467469296
int+SCD,184,271.13938467469296
int+SCD,185,271.13938467469296
int+SCD,186,271.1304762936564
int+SCD,187,271.12976058821715
int+SCD,188,271.12897579015066
int+SCD,189,271.1125205843115
int+SCD,190,271.1117041949917
int+SCD,191,271.0914386847668
int+SCD,192,271.09116997768746
int+SCD,193,271.09041529019515
int+SCD,194,271.0706524295517
int+SCD,195,271.0704874739748
int+SCD,196,271.06813897156286
int+SCD,197,271.0662505777805
int+SCD,198,271.06154368018133
int+SCD,199,271.044869037622
int+SCD,200,271.0447286773996
int+SCD,201,271.0430702540232
int+SCD,202,271.0422454230222
int+SCD,203,271.0419190164423
int+SCD,204,271.04174081591384
int+SCD,205,271.0417149493586
int+SCD,206,271.0398336373997
int+SCD,207,271.0270290781249
int+SCD,208,271.0270290781242
int+SCD,209,271.02477348426487
int+SCD,210,271.0269780023804
int+SCD,211,271.0245381949264
int+SCD,212,271.0178498600516
int+SCD,213,271.0178498600516
int+SCD,214,271.017608544864
int+SCD,215,270.9974117458118
int+SCD,216,270.9974117458156
int+SCD,217,270.99429519017497
int+SCD,218,270.994295190175
int+SCD,219,270.98738055667604
int+SCD,220,270.98738055667604
int+SCD,221,270.98709139001386
int+SCD,222,270.9850668286164
int+SCD,223,270.9829485524349
int+SCD,224,270.98192772517496
int+SCD,225,270.9819277251748
int+SCD,226,270.97946102344736
int+SCD,227,270.9794366906461
int+SCD,228,270.9794265049621
int+SCD,229,270.97942650496213
int+SCD,230,270.97896192691815
int+SCD,231,270.97748821178806
int+SCD,232,270.97729212869115
int+SCD,233,270.9725413718731
int+SCD,234,270.9697040398721
int+SCD,235,270.9666745225671
int+SCD,236,270.95406527413485
int+SCD,237,270.953946701472
int+SCD,238,270.9533393013139
int+SCD,239,270.94648878371305
int+SCD,240,270.9457169115717
int+SCD,241,270.9359107238425
int+SCD,242,270.9350619724754
int+SCD,243,270.9350619724613
int+SCD,244,270.9350619724614
int+SCD,245,270.9347821247977
int+SCD,246,270.9315364351949
int+SCD,247,270.93130078419233
int+SCD,248,270.93064591650847
int+SCD,249,270.93048097703695
int+SCD,250,270.9304809770354
int+SCD,251,270.93048097703826
int+SCD,252,270.9205393078555
int+SCD,253,270.91892388894235
int+SCD,254,270.90826932320175
int+SCD,255,270.90506487859
int+SCD,256,270.8719044294831
int+SCD,257,270.8343209732417
int+SCD,258,270.8342755173024
int+SCD,259,270.83427551730256
int+SCD,260,270.83427551730256
int+SCD,261,270.8288465969995
int+SCD,262,270.8282413129394
int+SCD,263,270.8199416426049
int+SCD,264,270.8130392383779
int+SCD,265,270.8124738067562
int+SCD,266,270.8124738067567
int+SCD,267,270.8124738067566
int+SCD,268,270.81247380675626
int+SCD,269,270.809525305463
int+SCD,270,270.80918233252703
int+SCD,271,270.8083140550894
int+SCD,272,270.80732215220985
int+SCD,273,270.8073221522098
int+SCD,274,270.80732215220934
int+SCD,275,270.80732215221076
int+SCD,276,270.8073221522093
int+SCD,277,270.80732215220996
int+SCD,278,270.80172178823534
int+SCD,279,270.8014159096161
int+SCD,280,270.7963154337093
int+SCD,281,270.7885734420249
int+SCD,282,270.7855052401706
int+SCD,283,270.78506531198127
int+SCD,284,270.78461194541694
int+SCD,285,270.76129847231255
int+SCD,286,270.76129847231186
int+SCD,287,270.7612984723119
int+SCD,288,270.761298472312
int+SCD,289,270.76129847231186
int+SCD,290,270.7604815626972
int+SCD,291,270.76048156269724
int+SCD,292,270.76048156269843
int+SCD,293,270.759827316452
int+SCD,294,270.759827316451
int+SCD,295,270.759827316451
int+SCD,296,270.7594983515403
int+SCD,297,270.7566540984843
int+SCD,298,270.7566540984843
int+SCD,299,270.75652326744466
int+SCD,300,270.7565232674446
int+LD,1,566.7131671579516
int+LD,2,399.3373712987786
int+LD,3,338.3703055139647
int+LD,4,313.2926526087981
int+LD,5,306.13717574408884
int+LD,6,301.99291570482774
int+LD,7,289.4956787274909
int+LD,8,288.6189671353369
int+LD,9,287.7038412798828
int+LD,10,288.303916570177
int+LD,11,285.03138683727946
int+LD,12,282.589526703989
int+LD,13,282.42850511188476
int+LD,14,281.7100883377144
int+LD,15,280.8290484780913
int+LD,16,279.0420898327736
int+LD,17,278.6729338164684
int+LD,18,278.5913589628398
int+LD,19,278.3206276626132
int+LD,20,278.11105114350715
int+LD,21,277.9974239587474
int+LD,22,277.811885610894
int+LD,23,277.57671804420863
int+LD,24,277.1561641191452
int+LD,25,277.0645721553218
int+LD,26,276.8836681988106
int+LD,27,276.46185916490003
int+LD,28,276.3921636025368
int+LD,29,276.37068580382316
int+LD,30,275.91668226640263
int+LD,31,275.86708067214886
int+LD,32,275.7289532981673
int+LD,33,275.63586770852396
int+LD,34,275.5264185941724
int+LD,35,275.4591542422648
int+LD,36,275.17954603142925
int+LD,37,275.19447376124094
int+LD,38,274.99601653891915
int+LD,39,274.8867256600687
int+LD,40,274.8349756453509
int+LD,41,274.77336145823716
int+LD,42,274.73420246333086
int+LD,43,274.552822281712
int+LD,44,274.5067088845775
int+LD,45,274.4610410948869
int+LD,46,274.42081945789187
int+LD,47,274.3648023096834
int+LD,48,274.224297337867
int+LD,49,274.09183533579335
int+LD,50,274.0865463871593
int+LD,51,273.99371521146236
int+LD,52,273.91625830748626
int+LD,53,273.85498588716075
int+LD,54,273.81377359101356
int+LD,55,273.7582396896907
int+LD,56,273.69787801996796
int+LD,57,273.6574264460548
int+LD,58,273.62746286988556
int+LD,59,273.60509059447173
int+LD,60,273.5115200531742
int+LD,61,273.4916273654555
int+LD,62,273.44656517276815
int+LD,63,273.4322094895237
int+LD,64,273.344793246913
int+LD,65,273.34185134752
int+LD,66,273.18310829169394
int+LD,67,273.1722413208569
int+LD,68,273.16107156459753
int+LD,69,273.1480556942305
int+LD,70,273.10049111754944
int+LD,71,273.07288725183537
int+LD,72,273.05028034397264
int+LD,73,272.96150594805783
int+LD,74,272.9315153407845
int+LD,75,272.92160245396565
int+LD,76,272.90323625895013
int+LD,77,272.89121703352913
int+LD,78,272.85841865321834
int+LD,79,272.82996309911255
int+LD,80,272.8058137549984
int+LD,81,272.7883421243447
int+LD,82,272.7186581402671
int+LD,83,272.6640918103813
int+LD,84,272.6330411759659
int+LD,85,272.6176689859892
int+LD,86,272.59570809732975
int+LD,87,272.5484999845338
int+LD,88,272.5418150279687
int+LD,89,272.5261462815097
int+LD,90,272.5261462815087
int+LD,91,272.5187536303698
int+LD,92,272.5122343631318
int+LD,93,272.5064669766998
int+LD,94,272.4581689536976
int+LD,95,272.4411021376412
int+LD,96,272.42550015812446
int+LD,97,272.3881952333784
int+LD,98,272.37170688292144
int+LD,99,272.3716688432457
int+LD,100,272.18634142973974
int+LD,101,272.18341431842623
int+LD,102,272.17888487022407
int+LD,103,272.1776076188917
int+LD,104,272.1776076188917
int+LD,105,272.1693446413359
int+LD,106,272.0998147583502
int+LD,107,272.10025148634065
int+LD,108,272.06984361216644
int+LD,109,272.05979867629054
int+LD,110,272.05750664559235
int+LD,111,272.05706991760223
int+LD,112,272.0570699176018
int+LD,113,271.98662427331027
int+LD,114,271.98375179629545
int+LD,115,271.9834224632457
int+LD,116,271.97339060075393
int+LD,117,271.971306215498
int+LD,118,271.97086219280914
int+LD,119,271.9605371417761
int+LD,120,271.9047784977611
int+LD,121,271.90477849776113
int+LD,122,271.8996774572365
int+LD,123,271.8921387084452
int+LD,124,271.8106024655569
int+LD,125,271.7729840895633
int+LD,126,271.7728685352227
int+LD,127,271.77179695242984
int+LD,128,271.7715044999767
int+LD,129,271.68463462213435
int+LD,130,271.68247513838924
int+LD,131,271.65539151703865
int+LD,132,271.6553915168455
int+LD,133,271.6518348471753
int+LD,134,271.65175801604437
int+LD,135,271.6398063084634
int+LD,136,271.63459517027
int+LD,137,271.6251760813506
int+LD,138,271.5851553631578
int+LD,139,271.57873921838717
int+LD,140,271.575964189465
int+LD,141,271.5609054776494
int+LD,142,271.5605483960219
int+LD,143,271.55193324928683
int+LD,144,271.54615779526443
int+LD,145,271.54400501762245
int+LD,146,271.5323501813498
int+LD,147,271.52861341252043
int+LD,148,271.52573779463495
int+LD,149,271.5254079334702
int+LD,150,271.5007202730396
int+LD,151,271.49791482899246
int+LD,152,271.4975728254339
int+LD,153,271.4867057098812
int+LD,154,271.4865270239837
int+LD,155,271.48240961858573
int+LD,156,271.4728373964557
int+LD,157,271.4632674206125
int+LD,158,271.4626357103917
int+LD,159,271.4347971937146
int+LD,160,271.4175148940787
int+LD,161,271.3905208174559
int+LD,162,271.3810727039349
int+LD,163,271.3741730275761
int+LD,164,271.3741687967275
int+LD,165,271.36588528494525
int+LD,166,271.3240990366225
int+LD,167,271.3107102951455
int+LD,168,271.2945147801449
int+LD,169,271.2883574681533
int+LD,170,271.28128547144155
int+LD,171,271.28128547144155
int+LD,172,271.2735793403343
int+LD,173,271.2709662108268
int+LD,174,271.257934634023
int+LD,175,271.2559173670523
int+LD,176,271.242409488008
int+LD,177,271.2417628416998
int+LD,178,271.2334180815416
int+LD,179,271.23182527459346
int+LD,180,271.2090339547894
int+LD,181,271.20761092530165
int+LD,182,271.20761092530097
int+LD,183,271.2051833687994
int+LD,184,271.20375018442695
int+LD,185,271.2036442243667
int+LD,186,271.19748135560104
int+LD,187,271.1970612798495
int+LD,188,271.19690584890225
int+LD,189,271.18878093269296
int+LD,190,271.188780932693
int+LD,191,271.17801832390285
int+LD,192,271.1755755746247
int+LD,193,271.1754644098027
int+LD,194,271.16646094397106
int+LD,195,271.16628061184406
int+LD,196,271.1540367157155
int+LD,197,271.1384409363987
int+LD,198,271.13447240631245
int+LD,199,271.12488486545095
int+LD,200,271.12386878385314
int+LD,201,271.1199603397469
int+LD,202,271.119195017992
int+LD,203,271.11919501799224
int+LD,204,271.11823978157
int+LD,205,271.1182397815699
int+LD,206,271.1156239853517
int+LD,207,271.1123934645122
int+LD,208,271.1109010889344
int+LD,209,271.11015758195697
int+LD,210,271.10898444451203
int+LD,211,271.10421623866074
int+LD,212,271.10350292165117
int+LD,213,271.10309792498305
int+LD,214,271.10295344010046
int+LD,215,271.10087092073155
int+LD,216,271.1005740319307
int+LD,217,271.0966940979724
int+LD,218,271.09307464028126
int+LD,219,271.0831079545118
int+LD,220,271.0828581382583
int+LD,221,271.08285813825927
int+LD,222,271.08026835766367
int+LD,223,271.07720454436435
int+LD,224,271.07630427540164
int+LD,225,271.07599314987556
int+LD,226,271.07241714969155
int+LD,227,271.0724065220503
int+LD,228,271.07211208258923
int+LD,229,271.07125578686725
int+LD,230,271.0709895232983
int+LD,231,271.06610395564974
int+LD,232,271.06610395564974
int+LD,233,271.0624951654603
int+LD,234,271.0624951654603
int+LD,235,271.06012489166505
int+LD,236,271.0545545203587
int+LD,237,271.0545545203587
int+LD,238,271.05326611186194
int+LD,239,271.0452583673514
int+LD,240,271.0445858575648
int+LD,241,271.0372987127362
int+LD,242,271.0372207248781
int+LD,243,271.03722072487903
int+LD,244,271.0371729442793
int+LD,245,271.03717294427827
int+LD,246,271.03584215620106
int+LD,247,271.03584215620106
int+LD,248,271.0337746011816
int+LD,249,271.0337048302406
int+LD,250,271.03370483024014
int+LD,251,271.03250081726827
int+LD,252,271.0128490516626
int+LD,253,271.01176776987006
int+LD,254,271.00067535282193
int+LD,255,270.99772226073185
int+LD,256,270.99471117135704
int+LD,257,270.98751650340233
int+LD,258,270.98550322339923
int+LD,259,270.98226444286144
int+LD,260,270.97658261072144
int+LD,261,270.9743419917014
int+LD,262,270.97397023878943
int+LD,263,270.96649882518574
int+LD,264,270.9370258137096
int+LD,265,270.93481625115254
int+LD,266,270.9347477970038
int+LD,267,270.93474779700534
int+LD,268,270.93256327166404
int+LD,269,270.9255156232573
int+LD,270,270.9222449187457
int+LD,271,270.91363959012006
int+LD,272,270.9136018900649
int+LD,273,270.91350475224505
int+LD,274,270.9112449930112
int+LD,275,270.9100338492717
int+LD,276,270.9073198546741
int+LD,277,270.90583995559814
int+LD,278,270.88550223553557
int+LD,279,270.8844568592806
int+LD,280,270.87606649068096
int+LD,281,270.87315419550055
int+LD,282,270.8522378281565
int+LD,283,270.85216650006214
int+LD,284,270.8458938807083
int+LD,285,270.8228864423613
int+LD,286,270.8215955441881
int+LD,287,270.8211216796626
int+LD,288,270.819348925956
int+LD,289,270.81769074761974
int+LD,290,270.8167820553108
int+LD,291,270.8158534772142
int+LD,292,270.815628175242
int+LD,293,270.81090115106576
int+LD,294,270.81001548870745
int+LD,295,270.80876293790374
int+LD,296,270.8051080223518
int+LD,297,270.80422117611784
int+LD,298,270.8039897071624
int+LD,299,270.8034033028215
int+LD,300,270.80308597099673
bin+CCD,1,623.1671220647956
bin+CCD,2,408.4030103118103
bin+CCD,3,354.0605508770067
bin+CCD,4,339.2976207519039
bin+CCD,5,312.48124070132246
bin+CCD,6,298.4319885799485
bin+CCD,7,289.63686268535963
bin+CCD,8,286.86674096933194
bin+CCD,9,283.9980852370799
bin+CCD,10,283.856547728915
bin+CCD,11,281.3355532880386
bin+CCD,12,280.46354708306615
bin+CCD,13,280.40481636613464
bin+CCD,14,279.56434239191327
bin+CCD,15,279.35405067885733
bin+CCD,16,279.32708195480086
bin+CCD,17,278.9177900514185
bin+CCD,18,278.7209367090058
bin+CCD,19,278.3583890554893
bin+CCD,20,278.00318659194465
bin+CCD,21,277.8620535213038
bin+CCD,22,277.5963901602439
bin+CCD,23,277.4507035706739
bin+CCD,24,277.10931565220795
bin+CCD,25,276.6476686870107
bin+CCD,26,276.3334026690871
bin+CCD,27,276.1737142687271
bin+CCD,28,275.9538237691588
bin+CCD,29,275.95287047635395
bin+CCD,30,275.6954956482666
bin+CCD,31,275.6739343621417
bin+CCD,32,275.58141595649573
bin+CCD,33,275.5678086918218
bin+CCD,34,275.56591159424056
bin+CCD,35,275.4182483471017
bin+CCD,36,275.0412306941097
bin+CCD,37,274.8300317145632
bin+CCD,38,274.80740413019254
bin+CCD,39,274.6644344211349
bin+CCD,40,274.50551685211343
bin+CCD,41,274.4555940743874
bin+CCD,42,274.4501938895517
bin+CCD,43,274.3533889537138
bin+CCD,44,274.3233287850579
bin+CCD,45,274.2592111262478
bin+CCD,46,274.20752010520556
bin+CCD,47,274.10078038481674
bin+CCD,48,274.05240555596845
bin+CCD,49,274.04996319310675
bin+CCD,50,274.0385512358167
bin+CCD,51,273.95759722029374
bin+CCD,52,273.94123202678185
bin+CCD,53,273.8996558055518
bin+CCD,54,273.83606393202666
bin+CCD,55,273.8088179414521
bin+CCD,56,273.73279061769335
bin+CCD,57,273.72423417247757
bin+CCD,58,273.7130443211914
bin+CCD,59,273.6759452906148
bin+CCD,60,273.59115343589195
bin+CCD,61,273.56121995689057
bin+CCD,62,273.5380559608904
bin+CCD,63,273.5350416400498
bin+CCD,64,273.5100359979925
bin+CCD,65,273.50485551902193
bin+CCD,66,273.5022179768271
bin+CCD,67,273.4849955898122
bin+CCD,68,273.4744787109077
bin+CCD,69,273.4169550395391
bin+CCD,70,273.4167715944889
bin+CCD,71,273.3692724635306
bin+CCD,72,273.36689202944103
bin+CCD,73,273.28182705649783
bin+CCD,74,273.2272767324447
bin+CCD,75,273.2257631516909
bin+CCD,76,273.21790727267705
bin+CCD,77,273.1999174647266
bin+CCD,78,273.15741261235536
bin+CCD,79,273.12731621802124
bin+CCD,80,273.1260242557009
bin+CCD,81,273.11354996831176
bin+CCD,82,273.10227871358563
bin+CCD,83,272.9510655349396
bin+CCD,84,272.92190273550347
bin+CCD,85,272.9192309495037
bin+CCD,86,272.9126803555972
bin+CCD,87,272.88912938396174
bin+CCD,88,272.8808886644799
bin+CCD,89,272.8738131728506
bin+CCD,90,272.86411904032803
bin+CCD,91,272.84040098498053
bin+CCD,92,272.8303894040117
bin+CCD,93,272.8115212897396
bin+CCD,94,272.78165386488826
bin+CCD,95,272.76280261695246
bin+CCD,96,272.7627402460994
bin+CCD,97,272.758375977459
bin+CCD,98,272.75642551714
bin+CCD,99,272.75294949152675
bin+CCD,100,272.64122958732537
bin+CCD,101,272.6334952504807
bin+CCD,102,272.63108096396667
bin+CCD,103,272.6277664594241
bin+CCD,104,272.62776645942404
bin+CCD,105,272.60254973988987
bin+CCD,106,272.5054764766284
bin+CCD,107,272.5054764766285
bin+CCD,108,272.4759976656152
bin+CCD,109,272.44296380645216
bin+CCD,110,272.43268638375935
bin+CCD,111,272.42253887532564
bin+CCD,112,272.4026740824132
bin+CCD,113,272.3658489237813
bin+CCD,114,272.356863468531
bin+CCD,115,272.3519296689584
bin+CCD,116,272.35192966895846
bin+CCD,117,272.35192966895846
bin+CCD,118,272.35192966895863
bin+CCD,119,272.32301828416956
bin+CCD,120,272.27681060400346
bin+CCD,121,272.2768106040036
bin+CCD,122,272.2768106040025
bin+CCD,123,272.27263405717673
bin+CCD,124,272.2577918811592
bin+CCD,125,272.2430566638467
bin+CCD,126,272.24297455532144
bin+CCD,127,272.2429745553208
bin+CCD,128,272.2445569115465
bin+CCD,129,272.18491261745436
bin+CCD,130,272.1830895989396
bin+CCD,131,272.1778503967938
bin+CCD,132,272.1778503967938
bin+CCD,133,272.1721991340881
bin+CCD,134,272.1698613935372
bin+CCD,135,272.11724934675607
bin+CCD,136,272.10823185545365
bin+CCD,137,272.09755360889756
bin+CCD,138,272.0819445375139
bin+CCD,139,272.0814468809743
bin+CCD,140,272.0802999062326
bin+CCD,141,272.05345958903354
bin+CCD,142,272.0527144439716
bin+CCD,143,272.0399064527416
bin+CCD,144,272.02760317002355
bin+CCD,145,271.97024409985295
bin+CCD,146,271.97024409985255
bin+CCD,147,271.9580852317407
bin+CCD,148,271.9580852317405
bin+CCD,149,271.95807485412115
bin+CCD,150,271.9555791825747
bin+CCD,151,271.95557918257475
bin+CCD,152,271.9470691911192
bin+CCD,153,271.94015325433844
bin+CCD,154,271.9355800965572
bin+CCD,155,271.933298231922
bin+CCD,156,271.8908264008301
bin+CCD,157,271.86505691877
bin+CCD,158,271.85568170341264
bin+CCD,159,271.8400821967725
bin+CCD,160,271.8320407854447
bin+CCD,161,271.8279282337145
bin+CCD,162,271.82394556869536
bin+CCD,163,271.8160557722554
bin+CCD,164,271.81395858074035
bin+CCD,165,271.8120662453296
bin+CCD,166,271.78331435063427
bin+CCD,167,271.76933417282254
bin+CCD,168,271.7611738437206
bin+CCD,169,271.75196282364993
bin+CCD,170,271.74825933568064
bin+CCD,171,271.74825933567985
bin+CCD,172,271.7422788204491
bin+CCD,173,271.7306626067824
bin+CCD,174,271.7243833967584
bin+CCD,175,271.7243833967585
bin+CCD,176,271.71136192250526
bin+CCD,177,271.71043368101635
bin+CCD,178,271.7041935697431
bin+CCD,179,271.68658211339147
bin+CCD,180,271.6865750656807
bin+CCD,181,271.6825642298388
bin+CCD,182,271.6797749857574
bin+CCD,183,271.6800025639237
bin+CCD,184,271.67955231124
bin+CCD,185,271.67955231124
bin+CCD,186,271.67914524464277
bin+CCD,187,271.67911047008477
bin+CCD,188,271.677999434537
bin+CCD,189,271.66408714527864
bin+CCD,190,271.66296173957807
bin+CCD,191,271.66296173957807
bin+CCD,192,271.65954956279217
bin+CCD,193,271.65426875598996
bin+CCD,194,271.64794786225326
bin+CCD,195,271.6448947002966
bin+CCD,196,271.62906406666133
bin+CCD,197,271.6061484418813
bin+CCD,198,271.605128290007
bin+CCD,199,271.59976386250736
bin+CCD,200,271.59894694657766
bin+CCD,201,271.59439212646674
bin+CCD,202,271.58880741990777
bin+CCD,203,271.58845787597625
bin+CCD,204,271.580425151112
bin+CCD,205,271.580425151112
bin+CCD,206,271.5735354835438
bin+CCD,207,271.5700577945245
bin+CCD,208,271.5699880746555
bin+CCD,209,271.56854063399555
bin+CCD,210,271.56854063399555
bin+CCD,211,271.5623780873174
bin+CCD,212,271.56178101379066
bin+CCD,213,271.55941703607556
bin+CCD,214,271.5594170360756
bin+CCD,215,271.55581084929486
bin+CCD,216,271.55567951940185
bin+CCD,217,271.5551301648271
bin+CCD,218,271.55229453139333
bin+CCD,219,271.55184427870967
bin+CCD,220,271.55184427870984
bin+CCD,221,271.5518442787098
bin+CCD,222,271.54750874000325
bin+CCD,223,271.54545809352976
bin+CCD,224,271.53791546014446
bin+CCD,225,271.5379154601445
bin+CCD,226,271.528831206721
bin+CCD,227,271.52881808050194
bin+CCD,228,271.52881808050205
bin+CCD,229,271.52881808050205
bin+CCD,230,271.52881808050233
bin+CCD,231,271.5252365516976
bin+CCD,232,271.5233998133227
bin+CCD,233,271.52339981332256
bin+CCD,234,271.51500916285266
bin+CCD,235,271.51235528203483
bin+CCD,236,271.50865023108855
bin+CCD,237,271.5081968060044
bin+CCD,238,271.5081968060043
bin+CCD,239,271.50049114425104
bin+CCD,240,271.4992890481959
bin+CCD,241,271.499289048196
bin+CCD,242,271.49869308736857
bin+CCD,243,271.4980141597676
bin+CCD,244,271.4980141597676
bin+CCD,245,271.4980141597676
bin+CCD,246,271.4961752997918
bin+CCD,247,271.49561968710555
bin+CCD,248,271.49114367173814
bin+CCD,249,271.49114367173814
bin+CCD,250,271.49016704372843
bin+CCD,251,271.49016704372843
bin+CCD,252,271.4717873072207
bin+CCD,253,271.47078450549606
bin+CCD,254,271.4687642145516
bin+CCD,255,271.4630308621208
bin+CCD,256,271.44641307912144
bin+CCD,257,271.4415238688226
bin+CCD,258,271.44077106377216
bin+CCD,259,271.4407566279385
bin+CCD,260,271.4385438517541
bin+CCD,261,271.4383411962958
bin+CCD,262,271.43816584644804
bin+CCD,263,271.43512989031365
bin+CCD,264,271.4239940222035
bin+CCD,265,271.4207746262827
bin+CCD,266,271.4203800102674
bin+CCD,267,271.41835115477016
bin+CCD,268,271.4156056749213
bin+CCD,269,271.4133373174808
bin+CCD,270,271.4104826540784
bin+CCD,271,271.4101701736573
bin+CCD,272,271.408559774326
bin+CCD,273,271.4082855814668
bin+CCD,274,271.4064917000539
bin+CCD,275,271.4064204449998
bin+CCD,276,271.40321157020895
bin+CCD,277,271.40309652037115
bin+CCD,278,271.379031745095
bin+CCD,279,271.37597865722216
bin+CCD,280,271.3723939406271
bin+CCD,281,271.36464106030104
bin+CCD,282,271.3641029665342
bin+CCD,283,271.36270144996195
bin+CCD,284,271.3537800573752
bin+CCD,285,271.3191924801255
bin+CCD,286,271.31835422376025
bin+CCD,287,271.3172656492222
bin+CCD,288,271.3172656492223
bin+CCD,289,271.3159725743127
bin+CCD,290,271.31420639887335
bin+CCD,291,271.30581500724736
bin+CCD,292,271.3050924858361
bin+CCD,293,271.3047086423879
bin+CCD,294,271.3034045307082
bin+CCD,295,271.3022241708831
bin+CCD,296,271.30217556949344
bin+CCD,297,271.3021247443443
bin+CCD,298,271.3010523214782
bin+CCD,299,271.3010523214782
bin+CCD,300,271.29982943066875
bin+SCD,1,766.1586345460098
bin+SCD,2,430.2325991781727
bin+SCD,3,379.32626684266717
bin+SCD,4,310.7926585265939
bin+SCD,5,306.1777244347961
bin+SCD,6,304.25979605959486
bin+SCD,7,294.8626095363963
bin+SCD,8,293.24607114782907
bin+SCD,9,292.11909246576636
bin+SCD,10,291.92850296712834
bin+SCD,11,284.53155251842463
bin+SCD,12,283.07556802543894
bin+SCD,13,282.9888659617318
bin+SCD,14,281.83621403133463
bin+SCD,15,281.62953548127723
bin+SCD,16,281.0465711743173
bin+SCD,17,280.7736067439749
bin+SCD,18,280.3482743931978
bin+SCD,19,279.81518180646174
bin+SCD,20,279.56196687250497
bin+SCD,21,279.33362246440834
bin+SCD,22,278.8157010922195
bin+SCD,23,278.58066755656574
bin+SCD,24,277.9806608127253
bin+SCD,25,277.5728920964062
bin+SCD,26,276.99585904885805
bin+SCD,27,276.7408091527914
bin+SCD,28,276.5556300777044
bin+SCD,29,276.539334203936
bin+SCD,30,276.50356124109226
bin+SCD,31,276.3970473446848
bin+SCD,32,276.2246815282466
bin+SCD,33,276.2174791895849
bin+SCD,34,276.1589504544966
bin+SCD,35,275.96602673749044
bin+SCD,36,275.69973171118795
bin+SCD,37,275.6983804164946
bin+SCD,38,275.6521692915275
bin+SCD,39,275.7124739765087
bin+SCD,40,275.6885538243566
bin+SCD,41,275.62688463027297
bin+SCD,42,275.5296188975912
bin+SCD,43,275.3280527319306
bin+SCD,44,275.2401104243103
bin+SCD,45,275.1650182476847
bin+SCD,46,275.13118025586755
bin+SCD,47,275.084867154565
bin+SCD,48,274.98394027916225
bin+SCD,49,274.92429822249267
bin+SCD,50,274.85732551869427
bin+SCD,51,274.7096008135895
bin+SCD,52,274.6514860423822
bin+SCD,53,274.6756558567155
bin+SCD,54,274.6663892069143
bin+SCD,55,274.60299993147464
bin+SCD,56,274.53114635346947
bin+SCD,57,274.473267993048
bin+SCD,58,274.45529990369863
bin+SCD,59,274.450870416184
bin+SCD,60,274.35067718012823
bin+SCD,61,274.34809763562816
bin+SCD,62,274.170243719658
bin+SCD,63,274.12292702615616
bin+SCD,64,274.07152413213873
bin+SCD,65,274.031766224579
bin+SCD,66,273.9798053134533
bin+SCD,67,273.9605191033865
bin+SCD,68,273.87220030093033
bin+SCD,69,273.87077943918206
bin+SCD,70,273.84493519693706
bin+SCD,71,273.8033442702068
bin+SCD,72,273.78507063166563
bin+SCD,73,273.75905328956816
bin+SCD,74,273.7587480595413
bin+SCD,75,273.75061406773284
bin+SCD,76,273.74047723608084
bin+SCD,77,273.73917861766074
bin+SCD,78,273.6929471126604
bin+SCD,79,273.64522132952465
bin+SCD,80,273.63801779235695
bin+SCD,81,273.63428742051406
bin+SCD,82,273.61247199770406
bin+SCD,83,273.5353552164809
bin+SCD,84,273.43455799669687
bin+SCD,85,273.43002275294737
bin+SCD,86,273.38298536906944
bin+SCD,87,273.32732338696167
bin+SCD,88,273.3182262382662
bin+SCD,89,273.3058628882941
bin+SCD,90,273.3054732171271
bin+SCD,91,273.2767362641668
bin+SCD,92,273.24465054277755
bin+SCD,93,273.22905821417515
bin+SCD,94,273.21314283177423
bin+SCD,95,273.1460856051985
bin+SCD,96,273.1448857180731
bin+SCD,97,273.1441288441552
bin+SCD,98,273.1382525799365
bin+SCD,99,273.138252579936
bin+SCD,100,273.0671090162985
bin+SCD,101,273.06628874022454
bin+SCD,102,273.0556247536138
bin+SCD,103,273.0547416199777
bin+SCD,104,273.04090435674925
bin+SCD,105,272.97057930583827
bin+SCD,106,272.9418795856426
bin+SCD,107,272.9418795856427
bin+SCD,108,272.9154941870471
bin+SCD,109,272.9038497664664
bin+SCD,110,272.9038497664663
bin+SCD,111,272.90384976646635
bin+SCD,112,272.9038497664666
bin+SCD,113,272.786433895667
bin+SCD,114,272.7762716833175
bin+SCD,115,272.7762716833173
bin+SCD,116,272.7762716833179
bin+SCD,117,272.77585090664184
bin+SCD,118,272.7743878393834
bin+SCD,119,272.72351495457065
bin+SCD,120,272.6556145515733
bin+SCD,121,272.6395884904447
bin+SCD,122,272.6363778317191
bin+SCD,123,272.5942321172295
bin+SCD,124,272.5206444333701
bin+SCD,125,272.4960227923212
bin+SCD,126,272.4959656563139
bin+SCD,127,272.49063544125005
bin+SCD,128,272.4727778866439
bin+SCD,129,272.4583069442705
bin+SCD,130,272.45680329263297
bin+SCD,131,272.426356103052
bin+SCD,132,272.4247449597055
bin+SCD,133,272.4147587636268
bin+SCD,134,272.40936422136014
bin+SCD,135,272.3822913154462
bin+SCD,136,272.36378817216865
bin+SCD,137,272.335717004609
bin+SCD,138,272.23810280904286
bin+SCD,139,272.21783258637777
bin+SCD,140,272.2172716324875
bin+SCD,141,272.2161025609865
bin+SCD,142,272.2160889665586
bin+SCD,143,272.2006283570434
bin+SCD,144,272.19217851155884
bin+SCD,145,272.16380699147953
bin+SCD,146,272.1365523178263
bin+SCD,147,272.1365523177846
bin+SCD,148,272.1300958154766
bin+SCD,149,272.1300958155215
bin+SCD,150,272.12517217429894
bin+SCD,151,272.12517217434436
bin+SCD,152,272.12514106471355
bin+SCD,153,272.1234256470276
bin+SCD,154,272.1231880828459
bin+SCD,155,272.1186796038588
bin+SCD,156,272.11756424657744
bin+SCD,157,272.07370811715333
bin+SCD,158,272.0526628189415
bin+SCD,159,271.9995126829086
bin+SCD,160,271.9925546144154
bin+SCD,161,271.990691841888
bin+SCD,162,271.9750514074004
bin+SCD,163,271.97504846277536
bin+SCD,164,271.97504846277525
bin+SCD,165,271.9740892820648
bin+SCD,166,271.9692187671213
bin+SCD,167,271.9622661241488
bin+SCD,168,271.9110334265571
bin+SCD,169,271.9047333691632
bin+SCD,170,271.8903584009432
bin+SCD,171,271.8640844407385
bin+SCD,172,271.84456478362563
bin+SCD,173,271.83380396755547
bin+SCD,174,271.82552030042535
bin+SCD,175,271.8149852185375
bin+SCD,176,271.81228543223904
bin+SCD,177,271.81228543223955
bin+SCD,178,271.8021087124648
bin+SCD,179,271.784823503069
bin+SCD,180,271.7551132820312
bin+SCD,181,271.7486268871168
bin+SCD,182,271.7444405331497
bin+SCD,183,271.74124514220233
bin+SCD,184,271.7411152336448
bin+SCD,185,271.7403969694289
bin+SCD,186,271.74039510638016
bin+SCD,187,271.7374893887941
bin+SCD,188,271.737489388794
bin+SCD,189,271.7258670589595
bin+SCD,190,271.725655784004
bin+SCD,191,271.71314321642706
bin+SCD,192,271.7107539800054
bin+SCD,193,271.7105014484234
bin+SCD,194,271.6831271807567
bin+SCD,195,271.6860828908501
bin+SCD,196,271.68075338956373
bin+SCD,197,271.6574758773399
bin+SCD,198,271.6573228040183
bin+SCD,199,271.65114860016155
bin+SCD,200,271.6449530231727
bin+SCD,201,271.6369529543761
bin+SCD,202,271.625652898712
bin+SCD,203,271.6251914702538
bin+SCD,204,271.62519147025404
bin+SCD,205,271.62519147025444
bin+SCD,206,271.61474819389366
bin+SCD,207,271.6107622847989
bin+SCD,208,271.60793215442163
bin+SCD,209,271.60621834565757
bin+SCD,210,271.60606185092485
bin+SCD,211,271.5979711069412
bin+SCD,212,271.5928595316838
bin+SCD,213,271.5928595316842
bin+SCD,214,271.5928595316842
bin+SCD,215,271.54925941123224
bin+SCD,216,271.54925941123236
bin+SCD,217,271.5360500495077
bin+SCD,218,271.53605004950765
bin+SCD,219,271.5189590213991
bin+SCD,220,271.51895902139955
bin+SCD,221,271.51380563362704
bin+SCD,222,271.5082245751083
bin+SCD,223,271.48009527544224
bin+SCD,224,271.47980040127095
bin+SCD,225,271.4776719954019
bin+SCD,226,271.4728758440679
bin+SCD,227,271.47261332413416
bin+SCD,228,271.4725936889228
bin+SCD,229,271.4722233831374
bin+SCD,230,271.47200419650574
bin+SCD,231,271.44035497013226
bin+SCD,232,271.4354313873257
bin+SCD,233,271.435431387337
bin+SCD,234,271.43454280532035
bin+SCD,235,271.43063114218853
bin+SCD,236,271.4143952435795
bin+SCD,237,271.4131727466165
bin+SCD,238,271.4128951435971
bin+SCD,239,271.40487060935936
bin+SCD,240,271.4047562407984
bin+SCD,241,271.40155966650593
bin+SCD,242,271.4011422234255
bin+SCD,243,271.4010639245189
bin+SCD,244,271.401063924519
bin+SCD,245,271.4010080211697
bin+SCD,246,271.4002831066454
bin+SCD,247,271.3999565288934
bin+SCD,248,271.39679112391275
bin+SCD,249,271.39679112391457
bin+SCD,250,271.39390595572013
bin+SCD,251,271.39390595572013
bin+SCD,252,271.36391657426964
bin+SCD,253,271.3639165742698
bin+SCD,254,271.3586038957857
bin+SCD,255,271.35374790874283
bin+SCD,256,271.31569512836927
bin+SCD,257,271.31081070496293
bin+SCD,258,271.31075042865785
bin+SCD,259,271.3105752170676
bin+SCD,260,271.3058157674502
bin+SCD,261,271.3031657281008
bin+SCD,262,271.29922966258744
bin+SCD,263,271.28314935795595
bin+SCD,264,271.2727728410222
bin+SCD,265,271.2719421720717
bin+SCD,266,271.2714743194986
bin+SCD,267,271.2714562905574
bin+SCD,268,271.2704661921182
bin+SCD,269,271.2702103114142
bin+SCD,270,271.2653400372766
bin+SCD,271,271.26361956127556
bin+SCD,272,271.2625173140408
bin+SCD,273,271.2620343379522
bin+SCD,274,271.258374885436
bin+SCD,275,271.2559528783314
bin+SCD,276,271.25595287832846
bin+SCD,277,271.25656147472563
bin+SCD,278,271.2454711855207
bin+SCD,279,271.242842266029
bin+SCD,280,271.2336898675428
bin+SCD,281,271.22042501996305
bin+SCD,282,271.2204250199659
bin+SCD,283,271.2198912993589
bin+SCD,284,271.21198175679905
bin+SCD,285,271.190388102165
bin+SCD,286,271.18693371458886
bin+SCD,287,271.1869337145879
bin+SCD,288,271.1862278214302
bin+SCD,289,271.18316933052824
bin+SCD,290,271.18044927728783
bin+SCD,291,271.17741056468265
bin+SCD,292,271.1749330176564
bin+SCD,293,271.17460971902034
bin+SCD,294,271.1707373065601
bin+SCD,295,271.17030504364413
bin+SCD,296,271.1697151805215
bin+SCD,297,271.1687591853509
bin+SCD,298,271.1687591853509
bin+SCD,299,271.16852556478074
bin+SCD,300,271.1675020991385
bin+LD,1,766.1586345460098
bin+LD,2,430.2325991781724
bin+LD,3,379.3262668426664
bin+LD,4,310.7926585265939
bin+LD,5,306.1777244347961
bin+LD,6,304.25979605959486
bin+LD,7,294.86285496093535
bin+LD,8,293.2463321611734
bin+LD,9,292.11935347910577
bin+LD,10,291.92880975881445
bin+LD,11,284.5315888623991
bin+LD,12,283.07557043479005
bin+LD,13,282.9637920844242
bin+LD,14,281.8108292254657
bin+LD,15,281.6040468377183
bin+LD,16,281.077180824754
bin+LD,17,280.8067018327093
bin+LD,18,280.39169319931557
bin+LD,19,279.78962771596383
bin+LD,20,279.54935319022815
bin+LD,21,279.3372274197627
bin+LD,22,278.7740552834238
bin+LD,23,278.62383803512233
bin+LD,24,277.990376128148
bin+LD,25,277.6964427503988
bin+LD,26,277.11497404687856
bin+LD,27,276.87595941487155
bin+LD,28,276.6942945716291
bin+LD,29,276.66840903620033
bin+LD,30,276.61859100291383
bin+LD,31,276.50955861060004
bin+LD,32,276.3304965960527
bin+LD,33,276.3084058132469
bin+LD,34,276.25965372211533
bin+LD,35,276.0578530069608
bin+LD,36,275.81248063899784
bin+LD,37,275.7500582431504
bin+LD,38,275.63919181581247
bin+LD,39,275.68906121800944
bin+LD,40,275.6620193439142
bin+LD,41,275.5196731723302
bin+LD,42,275.49038284523544
bin+LD,43,275.2720529089038
bin+LD,44,275.16078572718203
bin+LD,45,275.0581511679121
bin+LD,46,275.0367857897523
bin+LD,47,274.9572799706205
bin+LD,48,274.85574969213263
bin+LD,49,274.80263221309747
bin+LD,50,274.7587542166682
bin+LD,51,274.60375046855455
bin+LD,52,274.5629956115425
bin+LD,53,274.55319320604536
bin+LD,54,274.5080937222393
bin+LD,55,274.41904852659894
bin+LD,56,274.34283010826124
bin+LD,57,274.25967778516105
bin+LD,58,274.2482649399051
bin+LD,59,274.2236739081676
bin+LD,60,274.116037211115
bin+LD,61,274.0987071917376
bin+LD,62,273.9663546907226
bin+LD,63,273.92738241639745
bin+LD,64,273.8520419576161
bin+LD,65,273.81307148247174
bin+LD,66,273.8234171090136
bin+LD,67,273.7272082913909
bin+LD,68,273.7136346912518
bin+LD,69,273.55025914140725
bin+LD,70,273.5146448554059
bin+LD,71,273.50855164308473
bin+LD,72,273.49189142836155
bin+LD,73,273.43851686368845
bin+LD,74,273.43828487104025
bin+LD,75,273.43567479205524
bin+LD,76,273.42963748000756
bin+LD,77,273.4086564132755
bin+LD,78,273.36170975555484
bin+LD,79,273.30150845755225
bin+LD,80,273.2944872601766
bin+LD,81,273.28776267140273
bin+LD,82,273.2761260829799
bin+LD,83,273.22241536518356
bin+LD,84,273.10825752452257
bin+LD,85,273.09134222259985
bin+LD,86,273.0613935869511
bin+LD,87,272.985238644232
bin+LD,88,272.9849526244209
bin+LD,89,272.9680978989555
bin+LD,90,272.9670744116232
bin+LD,91,272.92373066798524
bin+LD,92,272.9123114998175
bin+LD,93,272.90037289065026
bin+LD,94,272.8734137185465
bin+LD,95,272.8441103170288
bin+LD,96,272.8284106954267
bin+LD,97,272.82814960524286
bin+LD,98,272.80898272336105
bin+LD,99,272.8089418887633
bin+LD,100,272.714404332224
bin+LD,101,272.71408320810446
bin+LD,102,272.69991910415695
bin+LD,103,272.6984851066967
bin+LD,104,272.69848510669783
bin+LD,105,272.6221885146052
bin+LD,106,272.57229329610163
bin+LD,107,272.57226933044217
bin+LD,108,272.5722143857861
bin+LD,109,272.5363705827488
bin+LD,110,272.53633604055983
bin+LD,111,272.5283851692491
bin+LD,112,272.5282782739863
bin+LD,113,272.5198974703135
bin+LD,114,272.5138367880835
bin+LD,115,272.51299575669015
bin+LD,116,272.5129957566714
bin+LD,117,272.51251309806116
bin+LD,118,272.51251309806145
bin+LD,119,272.5004483089369
bin+LD,120,272.41969691990914
bin+LD,121,272.4196969199105
bin+LD,122,272.41817197394585
bin+LD,123,272.4078129670026
bin+LD,124,272.35689332348164
bin+LD,125,272.3132465954972
bin+LD,126,272.31314904371607
bin+LD,127,272.312005658315
bin+LD,128,272.3120056583156
bin+LD,129,272.2273555251554
bin+LD,130,272.2246867231685
bin+LD,131,272.197529681293
bin+LD,132,272.1961708678532
bin+LD,133,272.19617086785325
bin+LD,134,272.1961441405998
bin+LD,135,272.1828077002274
bin+LD,136,272.18279548843486
bin+LD,137,272.1697101173003
bin+LD,138,272.10169560925743
bin+LD,139,272.09915060125957
bin+LD,140,272.0969291266803
bin+LD,141,272.09403738363505
bin+LD,142,272.09098745037903
bin+LD,143,272.07136417920304
bin+LD,144,272.0671995194241
bin+LD,145,272.0670808974205
bin+LD,146,272.05502447292486
bin+LD,147,272.05325825514666
bin+LD,148,272.0504801310228
bin+LD,149,272.05046421280815
bin+LD,150,272.0175996794761
bin+LD,151,272.0160757822512
bin+LD,152,272.0157540055954
bin+LD,153,272.0103036116485
bin+LD,154,272.0097528558177
bin+LD,155,272.00915480949044
bin+LD,156,271.99746711194996
bin+LD,157,271.97671998901507
bin+LD,158,271.96693292604107
bin+LD,159,271.96449977104976
bin+LD,160,271.95885635136347
bin+LD,161,271.9511813757675
bin+LD,162,271.9365498962488
bin+LD,163,271.933316525842
bin+LD,164,271.93307789413916
bin+LD,165,271.91164432500483
bin+LD,166,271.9116443250045
bin+LD,167,271.90442811159795
bin+LD,168,271.8894690233088
bin+LD,169,271.8903238507267
bin+LD,170,271.88994199726784
bin+LD,171,271.85741465245275
bin+LD,172,271.8502180982305
bin+LD,173,271.8174491597054
bin+LD,174,271.8079403014008
bin+LD,175,271.80454517116493
bin+LD,176,271.7907457722602
bin+LD,177,271.78550464973864
bin+LD,178,271.77518065998186
bin+LD,179,271.7750775653545
bin+LD,180,271.73286491297176
bin+LD,181,271.73228075037247
bin+LD,182,271.73228075037287
bin+LD,183,271.7322807503724
bin+LD,184,271.73228075037235
bin+LD,185,271.73185188283435
bin+LD,186,271.73103201414744
bin+LD,187,271.73103201414716
bin+LD,188,271.7306985537021
bin+LD,189,271.72507525014834
bin+LD,190,271.7248265494806
bin+LD,191,271.7097447040923
bin+LD,192,271.7074556695461
bin+LD,193,271.70733743257387
bin+LD,194,271.68561180962297
bin+LD,195,271.6841210636707
bin+LD,196,271.6813994492855
bin+LD,197,271.6723204751489
bin+LD,198,271.66974065721297
bin+LD,199,271.6600377030597
bin+LD,200,271.65996302891125
bin+LD,201,271.65465412809647
bin+LD,202,271.6466841045709
bin+LD,203,271.64425101298764
bin+LD,204,271.6438937891801
bin+LD,205,271.64389378918054
bin+LD,206,271.63752132150705
bin+LD,207,271.6348703254706
bin+LD,208,271.6341724664039
bin+LD,209,271.6337844959838
bin+LD,210,271.63378449598383
bin+LD,211,271.62608643300933
bin+LD,212,271.61590334183126
bin+LD,213,271.61590334183126
bin+LD,214,271.61590334183137
bin+LD,215,271.6017991536793
bin+LD,216,271.60179915367956
bin+LD,217,271.59859233443257
bin+LD,218,271.5954354214691
bin+LD,219,271.5861218210431
bin+LD,220,271.5861218210409
bin+LD,221,271.58303575729417
bin+LD,222,271.5812300083156
bin+LD,223,271.5793078162776
bin+LD,224,271.57930781627886
bin+LD,225,271.57600023852945
bin+LD,226,271.5745770887476
bin+LD,227,271.57207943735636
bin+LD,228,271.57200565441195
bin+LD,229,271.5704933566992
bin+LD,230,271.57049335669586
bin+LD,231,271.5692290369007
bin+LD,232,271.5647809339047
bin+LD,233,271.5647809339029
bin+LD,234,271.5647809339034
bin+LD,235,271.56404890265077
bin+LD,236,271.54735784017277
bin+LD,237,271.54716188547036
bin+LD,238,271.54674825916567
bin+LD,239,271.5408399277878
bin+LD,240,271.54083992778783
bin+LD,241,271.53369078256867
bin+LD,242,271.5336907825686
bin+LD,243,271.5335731891387
bin+LD,244,271.533371741627
bin+LD,245,271.5333717416274
bin+LD,246,271.53025921948574
bin+LD,247,271.5182829427276
bin+LD,248,271.51381580885425
bin+LD,249,271.51355732539554
bin+LD,250,271.51107808022255
bin+LD,251,271.51102510851496
bin+LD,252,271.48416179980853
bin+LD,253,271.4841617998086
bin+LD,254,271.47647611873856
bin+LD,255,271.47340344737654
bin+LD,256,271.4557712594486
bin+LD,257,271.4079363174582
bin+LD,258,271.40793631745817
bin+LD,259,271.4063218798497
bin+LD,260,271.39913546228405
bin+LD,261,271.3947206395519
bin+LD,262,271.3936297901467
bin+LD,263,271.38570842367193
bin+LD,264,271.385242172636
bin+LD,265,271.3839591350857
bin+LD,266,271.38312456056116
bin+LD,267,271.3830486083845
bin+LD,268,271.3820116263656
bin+LD,269,271.3815339899876
bin+LD,270,271.374716600275
bin+LD,271,271.37114372512525
bin+LD,272,271.370591698306
bin+LD,273,271.369646137195
bin+LD,274,271.36315939037524
bin+LD,275,271.3599630231982
bin+LD,276,271.3599550123868
bin+LD,277,271.35978567387434
bin+LD,278,271.3282627606313
bin+LD,279,271.3251695945007
bin+LD,280,271.31462169494336
bin+LD,281,271.30088575860304
bin+LD,282,271.2978598321938
bin+LD,283,271.2972881245868
bin+LD,284,271.28638619428426
bin+LD,285,271.2753230784706
bin+LD,286,271.27153611695223
bin+LD,287,271.27147799046605
bin+LD,288,271.2710651105334
bin+LD,289,271.2665802566718
bin+LD,290,271.26608265405235
bin+LD,291,271.2606433266184
bin+LD,292,271.2601205620971
bin+LD,293,271.260120562098
bin+LD,294,271.2556761998222
bin+LD,295,271.25567619982337
bin+LD,296,271.2555086179532
bin+LD,297,271.2555086179858
bin+LD,298,271.25550861795335
bin+LD,299,271.2555086179531
bin+LD,300,271.2546808654024
